game,date,num_1,num_X,num_2,team1,team2,raw_header,link,source
Trujillanos - Zamora,2026-03-22 20:30,2.7,3.05,2.6,Trujillanos,Zamora,Today,https://www.unibet.co.uk/betting/sports/filter/football/venezuela/primera-division,Unibet
Deportivo Tachira - Estudiantes de Merida,2026-03-22 21:30,1.42,4.4,6.5,Deportivo Tachira,Estudiantes de Merida,Today,https://www.unibet.co.uk/betting/sports/filter/football/venezuela/primera-division,Unibet
Portuguesa - Rayo Zuliano,2026-03-22 22:30,1.5714285714285714,3.9,5.5,Portuguesa,Rayo Zuliano,Today,https://www.unibet.co.uk/betting/sports/filter/football/venezuela/primera-division,Unibet
Monagas - Caracas,2026-03-22 23:30,2.25,3.3,3.0,Monagas,Caracas,Today,https://www.unibet.co.uk/betting/sports/filter/football/venezuela/primera-division,Unibet
Carabobo - Academia Puerto Cabello,2026-03-23 22:00,2.3,2.95,3.3,Carabobo,Academia Puerto Cabello,Tomorrow,https://www.unibet.co.uk/betting/sports/filter/football/venezuela/primera-division,Unibet
Metropolitanos - Academia Anzoátegui,2026-03-23 23:00,1.98,3.25,3.8,Metropolitanos,Academia Anzoátegui,Tomorrow,https://www.unibet.co.uk/betting/sports/filter/football/venezuela/primera-division,Unibet
AEK Athens - Kifisia,2026-03-22 17:00,1.1818181818181819,6.5,14.0,AEK Athens,Kifisia,Today,https://www.unibet.co.uk/betting/sports/filter/football/greece/super-league,Unibet
Aris Thessaloniki - OFI Crete,2026-03-22 17:00,1.6666666666666665,3.6,5.25,Aris Thessaloniki,OFI Crete,Today,https://www.unibet.co.uk/betting/sports/filter/football/greece/super-league,Unibet
Asteras Tripolis - Panathinaikos,2026-03-22 17:00,5.0,3.35,1.75,Asteras Tripolis,Panathinaikos,Today,https://www.unibet.co.uk/betting/sports/filter/football/greece/super-league,Unibet
Levadiakos - Atromitos Athinon,2026-03-22 17:00,2.1,3.2,3.6,Levadiakos,Atromitos Athinon,Today,https://www.unibet.co.uk/betting/sports/filter/football/greece/super-league,Unibet
Olympiacos - Larissa,2026-03-22 17:00,1.1333333333333333,7.0,18.0,Olympiacos,Larissa,Today,https://www.unibet.co.uk/betting/sports/filter/football/greece/super-league,Unibet
Panetolikos - Panserraikos,2026-03-22 17:00,1.9090909090909092,3.2,4.2,Panetolikos,Panserraikos,Today,https://www.unibet.co.uk/betting/sports/filter/football/greece/super-league,Unibet
Volos - PAOK,2026-03-22 17:00,12.0,5.5,1.25,Volos,PAOK,Today,https://www.unibet.co.uk/betting/sports/filter/football/greece/super-league,Unibet
Pérez Zeledón - Cartaginés,2026-03-22 21:00,2.75,3.2,2.45,Pérez Zeledón,Cartaginés,Today,https://www.unibet.co.uk/betting/sports/filter/football/costa-rica/primera-division,Unibet
AD San Carlos - Saprissa,2026-03-23 00:00,4.0,3.4,1.85,AD San Carlos,Saprissa,Tomorrow,https://www.unibet.co.uk/betting/sports/filter/football/costa-rica/primera-division,Unibet
Raith Rovers - Partick Thistle,24 Mar 2026 19:45,3.0,3.1,2.375,Raith Rovers,Partick Thistle,24 Mar 2026,https://www.unibet.co.uk/betting/sports/filter/football/scotland/championship,Unibet
Partick Thistle - Ross County,27 Mar 2026 19:45,1.7272727272727273,3.4,4.4,Partick Thistle,Ross County,27 Mar 2026,https://www.unibet.co.uk/betting/sports/filter/football/scotland/championship,Unibet
Raith Rovers - Ayr United,27 Mar 2026 19:45,2.3,3.1,2.95,Raith Rovers,Ayr United,27 Mar 2026,https://www.unibet.co.uk/betting/sports/filter/football/scotland/championship,Unibet
Greenock Morton - Arbroath,28 Mar 2026 13:00,3.0,3.1,2.25,Greenock Morton,Arbroath,28 Mar 2026,https://www.unibet.co.uk/betting/sports/filter/football/scotland/championship,Unibet
St. Johnstone - Queens Park,28 Mar 2026 13:00,1.27,5.0,9.0,St. Johnstone,Queens Park,28 Mar 2026,https://www.unibet.co.uk/betting/sports/filter/football/scotland/championship,Unibet
Hartberg - Austria Wien,2026-03-22 13:30,3.2,3.2,2.25,Hartberg,Austria Wien,Today,https://www.unibet.co.uk/betting/sports/filter/football/austria/bundesliga,Unibet
Rapid Wien - LASK,2026-03-22 16:00,2.95,3.05,2.45,Rapid Wien,LASK,Today,https://www.unibet.co.uk/betting/sports/filter/football/austria/bundesliga,Unibet
Slaven Belupo - Osijek,2026-03-22 14:00,2.3,3.0,3.25,Slaven Belupo,Osijek,Today,https://www.unibet.co.uk/betting/sports/filter/football/croatia/hnl,Unibet
HNK Gorica - Rijeka,2026-03-22 16:45,3.05,3.15,2.3,HNK Gorica,Rijeka,Today,https://www.unibet.co.uk/betting/sports/filter/football/croatia/hnl,Unibet
Real Cartagena - Unión Magdalena,2026-03-23 01:30,2.08,3.25,3.3,Real Cartagena,Unión Magdalena,Tomorrow,https://www.unibet.co.uk/betting/sports/filter/football/colombia/primera-b,Unibet
Al Hilal - Berkane,2026-03-22 16:00,2.95,2.95,2.45,Al Hilal,Berkane,Today,https://www.unibet.co.uk/betting/sports/filter/football/international-clubs/caf-champions-league,Unibet
Stade Malien - Mamelodi Sundowns,2026-03-22 16:00,2.7,3.0,2.6,Stade Malien,Mamelodi Sundowns,Today,https://www.unibet.co.uk/betting/sports/filter/football/international-clubs/caf-champions-league,Unibet
Rosenborg - Vålerenga,2026-03-22 13:30,2.25,3.5,2.95,Rosenborg,Vålerenga,Today,https://www.unibet.co.uk/betting/sports/filter/football/norway/eliteserien,Unibet
Brann - Tromsø,2026-03-22 16:00,1.98,3.45,3.75,Brann,Tromsø,Today,https://www.unibet.co.uk/betting/sports/filter/football/norway/eliteserien,Unibet
Fredrikstad - KFUM,2026-03-22 16:00,2.375,3.2,3.1,Fredrikstad,KFUM,Today,https://www.unibet.co.uk/betting/sports/filter/football/norway/eliteserien,Unibet
Sandefjord - Sarpsborg 08,2026-03-22 16:00,2.08,3.9,3.05,Sandefjord,Sarpsborg 08,Today,https://www.unibet.co.uk/betting/sports/filter/football/norway/eliteserien,Unibet
Bodø/Glimt - Lillestrøm,2026-03-22 18:15,1.3636363636363638,5.5,6.0,Bodø/Glimt,Lillestrøm,Today,https://www.unibet.co.uk/betting/sports/filter/football/norway/eliteserien,Unibet
Klepp (W) - Kolbotn (W),2026-03-22 15:00,4.75,4.2,1.55,Klepp (W),Kolbotn (W),Today,https://www.unibet.co.uk/betting/sports/filter/football/norway/eliteserien,Unibet
Arsenal - Manchester City,2026-03-22 16:30,2.25,3.2,3.3,Arsenal,Manchester City,Today,https://www.unibet.co.uk/betting/sports/filter/football/england/efl-cup,Unibet
Anderlecht - Cercle Brugge,2026-03-22 17:30,2.05,3.6,3.4,Anderlecht,Cercle Brugge,Today,https://www.unibet.co.uk/betting/sports/filter/football/belgium/pro-league,Unibet
Club Brugge - KV Mechelen,2026-03-22 17:30,1.27,6.0,9.5,Club Brugge,KV Mechelen,Today,https://www.unibet.co.uk/betting/sports/filter/football/belgium/pro-league,Unibet
Dender EH - Gent,2026-03-22 17:30,3.2,3.5,2.15,Dender EH,Gent,Today,https://www.unibet.co.uk/betting/sports/filter/football/belgium/pro-league,Unibet
Leuven - Antwerp,2026-03-22 17:30,2.15,3.3,3.35,Leuven,Antwerp,Today,https://www.unibet.co.uk/betting/sports/filter/football/belgium/pro-league,Unibet
RAAL La Louvière - Genk,2026-03-22 17:30,3.2,3.5,2.15,RAAL La Louvière,Genk,Today,https://www.unibet.co.uk/betting/sports/filter/football/belgium/pro-league,Unibet
St. Truidense - Union St. Gilloise,2026-03-22 17:30,3.35,3.2,2.2,St. Truidense,Union St. Gilloise,Today,https://www.unibet.co.uk/betting/sports/filter/football/belgium/pro-league,Unibet
Standard de Liège - Westerlo,2026-03-22 17:30,2.45,3.15,2.9,Standard de Liège,Westerlo,Today,https://www.unibet.co.uk/betting/sports/filter/football/belgium/pro-league,Unibet
Zulte Waregem - Royal Charleroi,2026-03-22 17:30,2.375,3.45,2.85,Zulte Waregem,Royal Charleroi,Today,https://www.unibet.co.uk/betting/sports/filter/football/belgium/pro-league,Unibet
Alfreton Town - Macclesfield,24 Mar 2026 19:45,4.8,4.0,1.55,Alfreton Town,Macclesfield,24 Mar 2026,https://www.unibet.co.uk/betting/sports/filter/football/england/national-league-north,Unibet
Darlington - Kidderminster Harriers,24 Mar 2026 19:45,2.875,3.35,2.2,Darlington,Kidderminster Harriers,24 Mar 2026,https://www.unibet.co.uk/betting/sports/filter/football/england/national-league-north,Unibet
Fylde - Marine,24 Mar 2026 19:45,1.1818181818181819,6.0,10.5,Fylde,Marine,24 Mar 2026,https://www.unibet.co.uk/betting/sports/filter/football/england/national-league-north,Unibet
Hereford - Spennymoor Town,24 Mar 2026 19:45,2.2,3.5,2.75,Hereford,Spennymoor Town,24 Mar 2026,https://www.unibet.co.uk/betting/sports/filter/football/england/national-league-north,Unibet
Leamington - Kings Lynn,24 Mar 2026 19:45,4.2,3.4,1.78,Leamington,Kings Lynn,24 Mar 2026,https://www.unibet.co.uk/betting/sports/filter/football/england/national-league-north,Unibet
Técnico Universitario - Independiente del Valle,2026-03-22 18:00,4.8,3.3,1.75,Técnico Universitario,Independiente del Valle,Today,https://www.unibet.co.uk/betting/sports/filter/football/ecuador/serie-a,Unibet
Barcelona de Guayaquil - Universidad Católica del Ecuador,2026-03-22 20:30,2.1,3.35,3.3,Barcelona de Guayaquil,Universidad Católica del Ecuador,Today,https://www.unibet.co.uk/betting/sports/filter/football/ecuador/serie-a,Unibet
Mushuc Runa - Emelec,2026-03-22 23:15,2.3,3.1,3.15,Mushuc Runa,Emelec,Today,https://www.unibet.co.uk/betting/sports/filter/football/ecuador/serie-a,Unibet
Guayaquil City - Leones del Norte,2026-03-23 21:30,2.15,2.95,3.6,Guayaquil City,Leones del Norte,Tomorrow,https://www.unibet.co.uk/betting/sports/filter/football/ecuador/serie-a,Unibet
Aucas - Orense,24 Mar 2026 00:00,1.6666666666666665,3.45,5.25,Aucas,Orense,24 Mar 2026,https://www.unibet.co.uk/betting/sports/filter/football/ecuador/serie-a,Unibet
Korona Kielce - Arka Gdynia,2026-03-22 00:00,3.0,1001.0,1001.0,Korona Kielce,Arka Gdynia,Today,https://www.unibet.co.uk/betting/sports/filter/football/poland/ekstraklasa,Unibet
Lech Poznań - Termalica Nieciecza,2026-03-22 13:45,1.33,5.5,7.5,Lech Poznań,Termalica Nieciecza,Today,https://www.unibet.co.uk/betting/sports/filter/football/poland/ekstraklasa,Unibet
Widzew Lodz - Górnik Zabrze,2026-03-22 16:30,2.3,3.2,3.05,Widzew Lodz,Górnik Zabrze,Today,https://www.unibet.co.uk/betting/sports/filter/football/poland/ekstraklasa,Unibet
Legia Warszawa - Rakow Częstochowa,2026-03-22 19:15,2.25,3.3,3.15,Legia Warszawa,Rakow Częstochowa,Today,https://www.unibet.co.uk/betting/sports/filter/football/poland/ekstraklasa,Unibet
Stal Mielec - Wieczysta Kraków,2026-03-22 13:30,3.4,3.75,1.95,Stal Mielec,Wieczysta Kraków,Today,https://www.unibet.co.uk/betting/sports/filter/football/poland/ekstraklasa,Unibet
Pogoń Siedlce - Chrobry Głogów,2026-03-22 16:00,2.5,3.15,2.75,Pogoń Siedlce,Chrobry Głogów,Today,https://www.unibet.co.uk/betting/sports/filter/football/poland/ekstraklasa,Unibet
Sokół Kleczew - Chojniczanka Chojnice,2026-03-22 13:00,3.15,3.45,2.08,Sokół Kleczew,Chojniczanka Chojnice,Today,https://www.unibet.co.uk/betting/sports/filter/football/poland/ekstraklasa,Unibet
Unia Skierniewice - Podhale Nowy Targ,2026-03-22 13:45,1.88,3.5,3.75,Unia Skierniewice,Podhale Nowy Targ,Today,https://www.unibet.co.uk/betting/sports/filter/football/poland/ekstraklasa,Unibet
Zagłębie Sosnowiec - Warta Poznań,2026-03-22 16:00,2.6,3.4,2.45,Zagłębie Sosnowiec,Warta Poznań,Today,https://www.unibet.co.uk/betting/sports/filter/football/poland/ekstraklasa,Unibet
KKS 1925 Kalisz - Rekord Bielsko Biala,2026-03-22 17:00,2.6,3.4,2.45,KKS 1925 Kalisz,Rekord Bielsko Biala,Today,https://www.unibet.co.uk/betting/sports/filter/football/poland/ekstraklasa,Unibet
Zaglebie Lubin II - MKS Kluczbork,2026-03-22 13:30,1.65,4.2,4.0,Zaglebie Lubin II,MKS Kluczbork,Today,https://www.unibet.co.uk/betting/sports/filter/football/poland/ekstraklasa,Unibet
Wisłoka Dębica - Naprzod Jedrzejow,2026-03-22 14:00,1.9090909090909092,3.45,3.5,Wisłoka Dębica,Naprzod Jedrzejow,Today,https://www.unibet.co.uk/betting/sports/filter/football/poland/ekstraklasa,Unibet
Uks Staszkowka Jelna (W) - Legia (W),2026-03-22 14:00,12.0,6.5,1.1818181818181819,Uks Staszkowka Jelna (W),Legia (W),Today,https://www.unibet.co.uk/betting/sports/filter/football/poland/ekstraklasa,Unibet
Leones Negros UDEG - Mineros de Zacatecas,2026-03-22 18:00,2.3,3.4,2.875,Leones Negros UDEG,Mineros de Zacatecas,Today,https://www.unibet.co.uk/betting/sports/filter/football/mexico/liga-de-expansion-mx,Unibet
Jaiba Brava - Tlaxcala,2026-03-22 23:00,1.65,3.75,4.8,Jaiba Brava,Tlaxcala,Today,https://www.unibet.co.uk/betting/sports/filter/football/mexico/liga-de-expansion-mx,Unibet
Tapatio - Atlético Morelia,2026-03-22 23:00,2.3,3.5,2.8,Tapatio,Atlético Morelia,Today,https://www.unibet.co.uk/betting/sports/filter/football/mexico/liga-de-expansion-mx,Unibet
Venados - Atlante,28 Mar 2026 01:00,4.2,3.75,1.7,Venados,Atlante,28 Mar 2026,https://www.unibet.co.uk/betting/sports/filter/football/mexico/liga-de-expansion-mx,Unibet
Cancún - Tepatitlán,29 Mar 2026 02:00,2.3,3.1,2.9,Cancún,Tepatitlán,29 Mar 2026,https://www.unibet.co.uk/betting/sports/filter/football/mexico/liga-de-expansion-mx,Unibet
Dorados de Sinaloa - Correcaminos UAT,29 Mar 2026 02:00,3.3,3.1,2.08,Dorados de Sinaloa,Correcaminos UAT,29 Mar 2026,https://www.unibet.co.uk/betting/sports/filter/football/mexico/liga-de-expansion-mx,Unibet
Athletico Paranaense PR - Coritiba PR,2026-03-22 19:00,1.95,3.2,4.2,Athletico Paranaense PR,Coritiba PR,Today,https://www.unibet.co.uk/betting/sports/filter/football/brazil/serie-a,Unibet
Cruzeiro - Santos,2026-03-22 19:00,1.7,3.6,4.8,Cruzeiro,Santos,Today,https://www.unibet.co.uk/betting/sports/filter/football/brazil/serie-a,Unibet
Remo PA - Bahia,2026-03-22 19:00,3.3,3.2,2.2,Remo PA,Bahia,Today,https://www.unibet.co.uk/betting/sports/filter/football/brazil/serie-a,Unibet
Vasco da Gama - Grêmio,2026-03-22 19:00,1.9,3.45,4.0,Vasco da Gama,Grêmio,Today,https://www.unibet.co.uk/betting/sports/filter/football/brazil/serie-a,Unibet
Internacional - Chapecoense SC,2026-03-22 21:30,1.42,4.75,7.0,Internacional,Chapecoense SC,Today,https://www.unibet.co.uk/betting/sports/filter/football/brazil/serie-a,Unibet
Vitória - Mirassol,2026-03-22 21:30,2.55,3.2,2.8,Vitória,Mirassol,Today,https://www.unibet.co.uk/betting/sports/filter/football/brazil/serie-a,Unibet
Corinthians - Flamengo,2026-03-22 23:30,3.35,3.15,2.2,Corinthians,Flamengo,Today,https://www.unibet.co.uk/betting/sports/filter/football/brazil/serie-a,Unibet
CSKA Sofia - Dobrudzha 1919,2026-03-22 13:00,1.2222222222222223,5.5,11.0,CSKA Sofia,Dobrudzha 1919,Today,https://www.unibet.co.uk/betting/sports/filter/football/bulgaria/parva-liga,Unibet
Botev Vratsa - Lokomotiv Plovdiv,2026-03-22 15:30,2.3,2.95,3.25,Botev Vratsa,Lokomotiv Plovdiv,Today,https://www.unibet.co.uk/betting/sports/filter/football/bulgaria/parva-liga,Unibet
Nordsjælland - SønderjyskE,2026-03-22 13:00,2.08,3.75,3.15,Nordsjælland,SønderjyskE,Today,https://www.unibet.co.uk/betting/sports/filter/football/denmark/superliga,Unibet
Randers - Silkeborg,2026-03-22 13:00,1.8199999999999998,3.75,4.0,Randers,Silkeborg,Today,https://www.unibet.co.uk/betting/sports/filter/football/denmark/superliga,Unibet
Copenhagen - Fredericia,2026-03-22 15:00,1.33,5.5,7.5,Copenhagen,Fredericia,Today,https://www.unibet.co.uk/betting/sports/filter/football/denmark/superliga,Unibet
Aarhus - Brøndby,2026-03-22 17:00,1.7272727272727273,3.8,4.5,Aarhus,Brøndby,Today,https://www.unibet.co.uk/betting/sports/filter/football/denmark/superliga,Unibet
Viborg - Midtjylland,2026-03-22 19:00,3.2,3.6,2.08,Viborg,Midtjylland,Today,https://www.unibet.co.uk/betting/sports/filter/football/denmark/superliga,Unibet
Platense - Zacatecoluca,2026-03-22 21:15,1.9090909090909092,3.25,3.75,Platense,Zacatecoluca,Today,https://www.unibet.co.uk/betting/sports/filter/football/el-salvador/primera-division,Unibet
Firpo - Alianza,2026-03-22 21:30,2.2,2.875,3.35,Firpo,Alianza,Today,https://www.unibet.co.uk/betting/sports/filter/football/el-salvador/primera-division,Unibet
FAS - Fuerte San Francisco,2026-03-22 23:00,1.27,5.0,8.5,FAS,Fuerte San Francisco,Today,https://www.unibet.co.uk/betting/sports/filter/football/el-salvador/primera-division,Unibet
Lyon - Monaco,2026-03-22 14:00,2.75,3.5,2.45,Lyon,Monaco,Today,https://www.unibet.co.uk/betting/sports/filter/football/france/ligue-1,Unibet
Marseille - Lille,2026-03-22 16:15,1.8333333333333335,3.75,4.0,Marseille,Lille,Today,https://www.unibet.co.uk/betting/sports/filter/football/france/ligue-1,Unibet
Paris FC - Le Havre,2026-03-22 16:15,2.02,3.25,3.9,Paris FC,Le Havre,Today,https://www.unibet.co.uk/betting/sports/filter/football/france/ligue-1,Unibet
Stade Rennes - Metz,2026-03-22 16:15,1.33,5.5,8.5,Stade Rennes,Metz,Today,https://www.unibet.co.uk/betting/sports/filter/football/france/ligue-1,Unibet
Paris SG - Toulouse,03 Apr 2026 19:45,1.27,5.25,9.0,Paris SG,Toulouse,03 Apr 2026,https://www.unibet.co.uk/betting/sports/filter/football/france/ligue-1,Unibet
Strasbourg - Nice,04 Apr 2026 16:00,1.8,3.6,3.9,Strasbourg,Nice,04 Apr 2026,https://www.unibet.co.uk/betting/sports/filter/football/france/ligue-1,Unibet
Brest - Stade Rennes,04 Apr 2026 18:00,2.9,3.5,2.2,Brest,Stade Rennes,04 Apr 2026,https://www.unibet.co.uk/betting/sports/filter/football/france/ligue-1,Unibet
Lille - Lens,04 Apr 2026 20:05,2.5,3.25,2.6,Lille,Lens,04 Apr 2026,https://www.unibet.co.uk/betting/sports/filter/football/france/ligue-1,Unibet
Angers - Lyon,05 Apr 2026 14:00,4.4,3.4,1.75,Angers,Lyon,05 Apr 2026,https://www.unibet.co.uk/betting/sports/filter/football/france/ligue-1,Unibet
Le Havre - Auxerre,05 Apr 2026 16:15,2.375,3.05,2.95,Le Havre,Auxerre,05 Apr 2026,https://www.unibet.co.uk/betting/sports/filter/football/france/ligue-1,Unibet
Lorient - Paris FC,05 Apr 2026 16:15,2.3,3.15,2.95,Lorient,Paris FC,05 Apr 2026,https://www.unibet.co.uk/betting/sports/filter/football/france/ligue-1,Unibet
Metz - Nantes,05 Apr 2026 16:15,2.7,3.2,2.45,Metz,Nantes,05 Apr 2026,https://www.unibet.co.uk/betting/sports/filter/football/france/ligue-1,Unibet
Monaco - Marseille,05 Apr 2026 19:45,2.375,3.5,2.6,Monaco,Marseille,05 Apr 2026,https://www.unibet.co.uk/betting/sports/filter/football/france/ligue-1,Unibet
Bari - Carrarese,2026-03-22 14:00,3.0,3.0,2.5,Bari,Carrarese,Today,https://www.unibet.co.uk/betting/sports/filter/football/italy/serie-b,Unibet
Empoli - Pescara,2026-03-22 14:00,2.08,3.45,3.4,Empoli,Pescara,Today,https://www.unibet.co.uk/betting/sports/filter/football/italy/serie-b,Unibet
Südtirol - Frosinone,2026-03-22 14:00,3.05,3.25,2.3,Südtirol,Frosinone,Today,https://www.unibet.co.uk/betting/sports/filter/football/italy/serie-b,Unibet
Sampdoria - Avellino,2026-03-22 16:15,2.2,2.875,3.8,Sampdoria,Avellino,Today,https://www.unibet.co.uk/betting/sports/filter/football/italy/serie-b,Unibet
Virtus Entella - Reggiana,2026-03-22 18:30,1.95,3.2,4.2,Virtus Entella,Reggiana,Today,https://www.unibet.co.uk/betting/sports/filter/football/italy/serie-b,Unibet
CD Marathon - Victoria La Ceiba,2026-03-22 21:00,1.27,5.25,9.0,CD Marathon,Victoria La Ceiba,Today,https://www.unibet.co.uk/betting/sports/filter/football/honduras/liga-nacional,Unibet
Motagua Tegucigalpa - Real España,2026-03-22 23:15,1.98,3.3,3.6,Motagua Tegucigalpa,Real España,Today,https://www.unibet.co.uk/betting/sports/filter/football/honduras/liga-nacional,Unibet
Juventud de Las Piedras - Albion FC,2026-03-22 13:00,2.3,3.0,3.2,Juventud de Las Piedras,Albion FC,Today,https://www.unibet.co.uk/betting/sports/filter/football/uruguay/primera-division,Unibet
Progreso - Boston River,2026-03-22 19:00,2.75,3.15,2.5,Progreso,Boston River,Today,https://www.unibet.co.uk/betting/sports/filter/football/uruguay/primera-division,Unibet
Deportivo Maldonado - Montevideo City Torque,24 Mar 2026 17:00,2.5,3.2,2.75,Deportivo Maldonado,Montevideo City Torque,24 Mar 2026,https://www.unibet.co.uk/betting/sports/filter/football/uruguay/primera-division,Unibet
Liverpool de Montevideo - Central Español,24 Mar 2026 20:00,1.85,3.35,4.2,Liverpool de Montevideo,Central Español,24 Mar 2026,https://www.unibet.co.uk/betting/sports/filter/football/uruguay/primera-division,Unibet
Nacional - Cerro Largo,24 Mar 2026 23:30,1.4444444444444444,4.2,6.5,Nacional,Cerro Largo,24 Mar 2026,https://www.unibet.co.uk/betting/sports/filter/football/uruguay/primera-division,Unibet
Danubio Montevideo - Defensor Sporting,26 Mar 2026 19:00,2.55,3.0,2.75,Danubio Montevideo,Defensor Sporting,26 Mar 2026,https://www.unibet.co.uk/betting/sports/filter/football/uruguay/primera-division,Unibet
De Graafschap - ADO Den Haag,2026-03-22 00:00,2.0,71.0,5.5,De Graafschap,ADO Den Haag,Today,https://www.unibet.co.uk/betting/sports/filter/football/netherlands/eerste-divisie,Unibet
Maastricht - Willem II,2026-03-22 15:45,4.6,4.6,1.5714285714285714,Maastricht,Willem II,Today,https://www.unibet.co.uk/betting/sports/filter/football/netherlands/eerste-divisie,Unibet
Barcelona - Rayo Vallecano,2026-03-22 13:00,1.2,7.0,11.0,Barcelona,Rayo Vallecano,Today,https://www.unibet.co.uk/betting/sports/filter/football/spain/la-liga,Unibet
Celta de Vigo - Deportivo Alavés,2026-03-22 15:15,1.95,3.3,4.2,Celta de Vigo,Deportivo Alavés,Today,https://www.unibet.co.uk/betting/sports/filter/football/spain/la-liga,Unibet
Athletic Bilbao - Real Betis,2026-03-22 17:30,2.15,3.4,3.4,Athletic Bilbao,Real Betis,Today,https://www.unibet.co.uk/betting/sports/filter/football/spain/la-liga,Unibet
Real Madrid - Atlético Madrid,2026-03-22 20:00,1.8199999999999998,4.0,3.8,Real Madrid,Atlético Madrid,Today,https://www.unibet.co.uk/betting/sports/filter/football/spain/la-liga,Unibet
Rayo Vallecano - Elche,03 Apr 2026 20:00,1.8,3.4,4.2,Rayo Vallecano,Elche,03 Apr 2026,https://www.unibet.co.uk/betting/sports/filter/football/spain/la-liga,Unibet
Real Sociedad - Levante,04 Apr 2026 13:00,1.5,4.0,5.5,Real Sociedad,Levante,04 Apr 2026,https://www.unibet.co.uk/betting/sports/filter/football/spain/la-liga,Unibet
Mallorca - Real Madrid,04 Apr 2026 15:15,5.0,4.0,1.55,Mallorca,Real Madrid,04 Apr 2026,https://www.unibet.co.uk/betting/sports/filter/football/spain/la-liga,Unibet
Real Betis - Espanyol,04 Apr 2026 17:30,1.65,3.75,4.6,Real Betis,Espanyol,04 Apr 2026,https://www.unibet.co.uk/betting/sports/filter/football/spain/la-liga,Unibet
Atlético Madrid - Barcelona,04 Apr 2026 20:00,2.65,3.75,2.25,Atlético Madrid,Barcelona,04 Apr 2026,https://www.unibet.co.uk/betting/sports/filter/football/spain/la-liga,Unibet
Getafe - Athletic Bilbao,05 Apr 2026 13:00,2.85,2.85,2.6,Getafe,Athletic Bilbao,05 Apr 2026,https://www.unibet.co.uk/betting/sports/filter/football/spain/la-liga,Unibet
Valencia - Celta de Vigo,05 Apr 2026 15:15,2.3,3.25,2.85,Valencia,Celta de Vigo,05 Apr 2026,https://www.unibet.co.uk/betting/sports/filter/football/spain/la-liga,Unibet
Real Oviedo - Sevilla,05 Apr 2026 17:30,2.65,3.15,2.5,Real Oviedo,Sevilla,05 Apr 2026,https://www.unibet.co.uk/betting/sports/filter/football/spain/la-liga,Unibet
Deportivo Alavés - Osasuna,05 Apr 2026 20:00,2.5,3.0,2.75,Deportivo Alavés,Osasuna,05 Apr 2026,https://www.unibet.co.uk/betting/sports/filter/football/spain/la-liga,Unibet
Girona - Villarreal,06 Apr 2026 20:00,2.75,3.45,2.25,Girona,Villarreal,06 Apr 2026,https://www.unibet.co.uk/betting/sports/filter/football/spain/la-liga,Unibet
Winterthur - Basel,2026-03-22 13:00,4.0,4.0,1.7272727272727273,Winterthur,Basel,Today,https://www.unibet.co.uk/betting/sports/filter/football/switzerland/super-league,Unibet
Luzern - Lausanne Sport,2026-03-22 15:30,2.02,3.75,3.2,Luzern,Lausanne Sport,Today,https://www.unibet.co.uk/betting/sports/filter/football/switzerland/super-league,Unibet
Young Boys - Lugano,2026-03-22 15:30,1.98,3.75,3.35,Young Boys,Lugano,Today,https://www.unibet.co.uk/betting/sports/filter/football/switzerland/super-league,Unibet
Como - Pisa,2026-03-22 00:00,3.0,501.0,1001.0,Como,Pisa,Today,https://www.unibet.co.uk/betting/sports/filter/football/italy/serie-a,Unibet
Atalanta - Hellas Verona,2026-03-22 14:00,1.3636363636363638,4.8,8.0,Atalanta,Hellas Verona,Today,https://www.unibet.co.uk/betting/sports/filter/football/italy/serie-a,Unibet
Bologna - Lazio,2026-03-22 14:00,2.375,3.0,3.3,Bologna,Lazio,Today,https://www.unibet.co.uk/betting/sports/filter/football/italy/serie-a,Unibet
Roma - Lecce,2026-03-22 17:00,1.4444444444444444,4.333333333333334,7.0,Roma,Lecce,Today,https://www.unibet.co.uk/betting/sports/filter/football/italy/serie-a,Unibet
Fiorentina - Inter,2026-03-22 19:45,5.0,4.0,1.6153846153846154,Fiorentina,Inter,Today,https://www.unibet.co.uk/betting/sports/filter/football/italy/serie-a,Unibet
Sassuolo - Cagliari,04 Apr 2026 14:00,1.95,3.15,3.9,Sassuolo,Cagliari,04 Apr 2026,https://www.unibet.co.uk/betting/sports/filter/football/italy/serie-a,Unibet
Hellas Verona - Fiorentina,04 Apr 2026 17:00,4.0,3.3,1.85,Hellas Verona,Fiorentina,04 Apr 2026,https://www.unibet.co.uk/betting/sports/filter/football/italy/serie-a,Unibet
Lazio - Parma,04 Apr 2026 19:45,1.75,3.35,4.6,Lazio,Parma,04 Apr 2026,https://www.unibet.co.uk/betting/sports/filter/football/italy/serie-a,Unibet
Cremonese - Bologna,05 Apr 2026 14:00,3.8,3.35,1.88,Cremonese,Bologna,05 Apr 2026,https://www.unibet.co.uk/betting/sports/filter/football/italy/serie-a,Unibet
Pisa - Torino,05 Apr 2026 17:00,2.65,3.1,2.55,Pisa,Torino,05 Apr 2026,https://www.unibet.co.uk/betting/sports/filter/football/italy/serie-a,Unibet
Inter - Roma,05 Apr 2026 19:45,1.6153846153846154,3.75,5.0,Inter,Roma,05 Apr 2026,https://www.unibet.co.uk/betting/sports/filter/football/italy/serie-a,Unibet
Udinese - Como,06 Apr 2026 11:30,4.75,3.5,1.6666666666666665,Udinese,Como,06 Apr 2026,https://www.unibet.co.uk/betting/sports/filter/football/italy/serie-a,Unibet
Lecce - Atalanta,06 Apr 2026 14:00,4.6,3.6,1.7,Lecce,Atalanta,06 Apr 2026,https://www.unibet.co.uk/betting/sports/filter/football/italy/serie-a,Unibet
Juventus - Genoa,06 Apr 2026 17:00,1.3636363636363638,4.25,7.5,Juventus,Genoa,06 Apr 2026,https://www.unibet.co.uk/betting/sports/filter/football/italy/serie-a,Unibet
Napoli - AC Milan,06 Apr 2026 19:45,2.45,3.0,2.85,Napoli,AC Milan,06 Apr 2026,https://www.unibet.co.uk/betting/sports/filter/football/italy/serie-a,Unibet
OFK Belgrade - IMT Novi Beograd,2026-03-22 13:00,2.05,3.3,3.35,OFK Belgrade,IMT Novi Beograd,Today,https://www.unibet.co.uk/betting/sports/filter/football/serbia/superliga,Unibet
Bačka Topola - Radnicki 1923,2026-03-22 14:00,2.1,3.3,3.25,Bačka Topola,Radnicki 1923,Today,https://www.unibet.co.uk/betting/sports/filter/football/serbia/superliga,Unibet
Čukarički - Železničar Pančevo,2026-03-22 15:00,2.5,3.2,2.65,Čukarički,Železničar Pančevo,Today,https://www.unibet.co.uk/betting/sports/filter/football/serbia/superliga,Unibet
Temperley - CA Atlanta,2026-03-22 19:00,2.2,2.65,3.9,Temperley,CA Atlanta,Today,https://www.unibet.co.uk/betting/sports/filter/football/argentina/primera-nacional,Unibet
Chacarita Juniors - Atletico Rafaela,2026-03-22 19:00,2.3,2.85,3.4,Chacarita Juniors,Atletico Rafaela,Today,https://www.unibet.co.uk/betting/sports/filter/football/argentina/primera-nacional,Unibet
Patronato - Colegiales,2026-03-22 19:00,1.8333333333333335,2.95,5.0,Patronato,Colegiales,Today,https://www.unibet.co.uk/betting/sports/filter/football/argentina/primera-nacional,Unibet
San Telmo - Colon Santa Fe,2026-03-22 19:00,2.7,2.9,2.75,San Telmo,Colon Santa Fe,Today,https://www.unibet.co.uk/betting/sports/filter/football/argentina/primera-nacional,Unibet
CA Guemes - Agropecuario,2026-03-22 20:00,2.3,2.875,3.35,CA Guemes,Agropecuario,Today,https://www.unibet.co.uk/betting/sports/filter/football/argentina/primera-nacional,Unibet
Central Norte Salta - All Boys,2026-03-22 20:00,2.65,2.7,3.0,Central Norte Salta,All Boys,Today,https://www.unibet.co.uk/betting/sports/filter/football/argentina/primera-nacional,Unibet
Deportivo Maipu - Ferrocarril Midland,2026-03-22 22:00,2.375,2.875,3.25,Deportivo Maipu,Ferrocarril Midland,Today,https://www.unibet.co.uk/betting/sports/filter/football/argentina/primera-nacional,Unibet
Nueva Chicago - Gimnasia Y Tiro,2026-03-23 19:00,3.6,2.65,2.375,Nueva Chicago,Gimnasia Y Tiro,Tomorrow,https://www.unibet.co.uk/betting/sports/filter/football/argentina/primera-nacional,Unibet
Alianza Valledupar - Deportivo Cali,2026-03-22 21:00,2.8,3.05,2.6,Alianza Valledupar,Deportivo Cali,Today,https://www.unibet.co.uk/betting/sports/filter/football/colombia/primera-a,Unibet
Boyacá Chicó - Deportes Tolima,2026-03-23 19:00,4.5,3.25,1.85,Boyacá Chicó,Deportes Tolima,Tomorrow,https://www.unibet.co.uk/betting/sports/filter/football/colombia/primera-a,Unibet
Independiente Santa Fe - Independiente Medellín,2026-03-23 21:10,2.25,3.25,3.2,Independiente Santa Fe,Independiente Medellín,Tomorrow,https://www.unibet.co.uk/betting/sports/filter/football/colombia/primera-a,Unibet
Jaguares de Córdoba - Águilas Doradas,2026-03-23 23:20,2.95,3.0,2.5,Jaguares de Córdoba,Águilas Doradas,Tomorrow,https://www.unibet.co.uk/betting/sports/filter/football/colombia/primera-a,Unibet
Deportivo Pereira - Cúcuta Deportivo,24 Mar 2026 20:30,2.4,3.15,3.0,Deportivo Pereira,Cúcuta Deportivo,24 Mar 2026,https://www.unibet.co.uk/betting/sports/filter/football/colombia/primera-a,Unibet
CD Junior - Bucaramanga,24 Mar 2026 23:00,2.1,3.05,3.75,CD Junior,Bucaramanga,24 Mar 2026,https://www.unibet.co.uk/betting/sports/filter/football/colombia/primera-a,Unibet
Fortaleza - Deportivo Pasto,25 Mar 2026 01:00,2.2,3.1,3.5,Fortaleza,Deportivo Pasto,25 Mar 2026,https://www.unibet.co.uk/betting/sports/filter/football/colombia/primera-a,Unibet
América de Cali - Llaneros,26 Mar 2026 01:00,1.55,3.6,6.0,América de Cali,Llaneros,26 Mar 2026,https://www.unibet.co.uk/betting/sports/filter/football/colombia/primera-a,Unibet
Pachuca - Deportivo Toluca,2026-03-22 23:00,3.4,3.6,2.02,Pachuca,Deportivo Toluca,Today,https://www.unibet.co.uk/betting/sports/filter/football/mexico/liga-mx,Unibet
Santos Laguna - Club Puebla,2026-03-22 23:00,2.45,3.45,2.7,Santos Laguna,Club Puebla,Today,https://www.unibet.co.uk/betting/sports/filter/football/mexico/liga-mx,Unibet
Juárez - Tigres UANL,2026-03-23 01:06,3.05,3.35,2.25,Juárez,Tigres UANL,Tomorrow,https://www.unibet.co.uk/betting/sports/filter/football/mexico/liga-mx,Unibet
Santiago Wanderers - Antofagasta,2026-03-22 15:00,2.15,3.2,3.15,Santiago Wanderers,Antofagasta,Today,https://www.unibet.co.uk/betting/sports/filter/football/chile/primera-b,Unibet
Copiapó - Iquique,2026-03-22 21:00,2.15,3.1,3.35,Copiapó,Iquique,Today,https://www.unibet.co.uk/betting/sports/filter/football/chile/primera-b,Unibet
Temuco - San Luis de Quillota,2026-03-22 23:30,2.45,3.05,2.85,Temuco,San Luis de Quillota,Today,https://www.unibet.co.uk/betting/sports/filter/football/chile/primera-b,Unibet
Unión San Felipe - San Marcos de Arica,2026-03-23 21:00,2.55,2.95,2.8,Unión San Felipe,San Marcos de Arica,Tomorrow,https://www.unibet.co.uk/betting/sports/filter/football/chile/primera-b,Unibet
Cobreloa Calama - Magallanes,2026-03-23 23:30,1.9,3.0,4.333333333333334,Cobreloa Calama,Magallanes,Tomorrow,https://www.unibet.co.uk/betting/sports/filter/football/chile/primera-b,Unibet
Sarmiento - Aldosivi,2026-03-22 18:30,2.2,2.875,3.8,Sarmiento,Aldosivi,Today,https://www.unibet.co.uk/betting/sports/filter/football/argentina/liga-profesional,Unibet
Rio Cuarto - River Plate,2026-03-22 20:45,6.5,3.5,1.5714285714285714,Rio Cuarto,River Plate,Today,https://www.unibet.co.uk/betting/sports/filter/football/argentina/liga-profesional,Unibet
Boca Juniors - Instituto Cordoba,2026-03-22 23:00,1.7272727272727273,3.35,5.25,Boca Juniors,Instituto Cordoba,Today,https://www.unibet.co.uk/betting/sports/filter/football/argentina/liga-profesional,Unibet
Argentinos Juniors - CA Platense,2026-03-23 01:15,1.78,3.2,5.25,Argentinos Juniors,CA Platense,Tomorrow,https://www.unibet.co.uk/betting/sports/filter/football/argentina/liga-profesional,Unibet
Independiente Rivadavia - Rosario Central,2026-03-23 01:15,2.65,2.95,2.875,Independiente Rivadavia,Rosario Central,Tomorrow,https://www.unibet.co.uk/betting/sports/filter/football/argentina/liga-profesional,Unibet
Estudiantes LP - Central Cordoba SE,2026-03-23 22:00,1.5,3.8,7.0,Estudiantes LP,Central Cordoba SE,Tomorrow,https://www.unibet.co.uk/betting/sports/filter/football/argentina/liga-profesional,Unibet
CA Huracan - Barracas Central,24 Mar 2026 00:15,1.8,3.1,5.5,CA Huracan,Barracas Central,24 Mar 2026,https://www.unibet.co.uk/betting/sports/filter/football/argentina/liga-profesional,Unibet
Deportivo Riestra - CA San Lorenzo,25 Mar 2026 22:00,2.45,2.7,3.4,Deportivo Riestra,CA San Lorenzo,25 Mar 2026,https://www.unibet.co.uk/betting/sports/filter/football/argentina/liga-profesional,Unibet
Skalica - Komárno,2026-03-22 14:30,2.45,3.1,2.85,Skalica,Komárno,Today,https://www.unibet.co.uk/betting/sports/filter/football/slovakia/1-liga,Unibet
Slovan Bratislava - Železiarne Podbrezová,2026-03-22 17:00,1.55,4.4,4.75,Slovan Bratislava,Železiarne Podbrezová,Today,https://www.unibet.co.uk/betting/sports/filter/football/slovakia/1-liga,Unibet
Cambridge United - Grimsby Town,24 Mar 2026 19:45,1.98,3.45,3.75,Cambridge United,Grimsby Town,24 Mar 2026,https://www.unibet.co.uk/betting/sports/filter/football/england/league-two,Unibet
Oldham Athletic - Notts County,24 Mar 2026 19:45,2.55,3.35,2.7,Oldham Athletic,Notts County,24 Mar 2026,https://www.unibet.co.uk/betting/sports/filter/football/england/league-two,Unibet
Harrogate Town - Notts County,28 Mar 2026 12:30,4.6,3.6,1.7,Harrogate Town,Notts County,28 Mar 2026,https://www.unibet.co.uk/betting/sports/filter/football/england/league-two,Unibet
Barnet - Cambridge United,28 Mar 2026 15:00,2.8,3.25,2.4,Barnet,Cambridge United,28 Mar 2026,https://www.unibet.co.uk/betting/sports/filter/football/england/league-two,Unibet
Barrow - Bromley,28 Mar 2026 15:00,3.15,3.25,2.2,Barrow,Bromley,28 Mar 2026,https://www.unibet.co.uk/betting/sports/filter/football/england/league-two,Unibet
Bristol Rovers - Accrington Stanley,28 Mar 2026 15:00,1.8,3.45,4.25,Bristol Rovers,Accrington Stanley,28 Mar 2026,https://www.unibet.co.uk/betting/sports/filter/football/england/league-two,Unibet
Colchester United - Walsall,28 Mar 2026 15:00,2.2,3.15,3.25,Colchester United,Walsall,28 Mar 2026,https://www.unibet.co.uk/betting/sports/filter/football/england/league-two,Unibet
Crawley Town - Gillingham,28 Mar 2026 15:00,2.3,3.4,2.85,Crawley Town,Gillingham,28 Mar 2026,https://www.unibet.co.uk/betting/sports/filter/football/england/league-two,Unibet
Crewe Alexandra - Oldham Athletic,28 Mar 2026 15:00,2.375,3.25,2.875,Crewe Alexandra,Oldham Athletic,28 Mar 2026,https://www.unibet.co.uk/betting/sports/filter/football/england/league-two,Unibet
Newport County - Shrewsbury Town,28 Mar 2026 15:00,2.55,3.35,2.55,Newport County,Shrewsbury Town,28 Mar 2026,https://www.unibet.co.uk/betting/sports/filter/football/england/league-two,Unibet
Salford City - MK Dons,28 Mar 2026 15:00,2.8,3.3,2.375,Salford City,MK Dons,28 Mar 2026,https://www.unibet.co.uk/betting/sports/filter/football/england/league-two,Unibet
NK Celje - Primorje Ajdovscina,2026-03-22 16:30,1.35,5.25,6.5,NK Celje,Primorje Ajdovscina,Today,https://www.unibet.co.uk/betting/sports/filter/football/slovenia/prva-liga,Unibet
Newcastle United - Sunderland,2026-03-22 00:00,1.2,5.5,18.0,Newcastle United,Sunderland,Today,https://www.unibet.co.uk/betting/sports/filter/football/england/premier-league,Unibet
Aston Villa - West Ham,2026-03-22 14:15,1.75,3.9,4.5,Aston Villa,West Ham,Today,https://www.unibet.co.uk/betting/sports/filter/football/england/premier-league,Unibet
Tottenham - Nottingham Forest,2026-03-22 14:15,2.45,3.3,2.95,Tottenham,Nottingham Forest,Today,https://www.unibet.co.uk/betting/sports/filter/football/england/premier-league,Unibet
West Ham - Wolves,10 Apr 2026 20:00,1.78,3.8,4.25,West Ham,Wolves,10 Apr 2026,https://www.unibet.co.uk/betting/sports/filter/football/england/premier-league,Unibet
Arsenal - Bournemouth,11 Apr 2026 12:30,1.3636363636363638,5.0,8.0,Arsenal,Bournemouth,11 Apr 2026,https://www.unibet.co.uk/betting/sports/filter/football/england/premier-league,Unibet
Brentford - Everton,11 Apr 2026 15:00,2.2,3.35,3.3,Brentford,Everton,11 Apr 2026,https://www.unibet.co.uk/betting/sports/filter/football/england/premier-league,Unibet
Burnley - Brighton,11 Apr 2026 15:00,4.2,3.8,1.78,Burnley,Brighton,11 Apr 2026,https://www.unibet.co.uk/betting/sports/filter/football/england/premier-league,Unibet
Liverpool - Fulham,11 Apr 2026 17:30,1.5333333333333332,4.6,5.5,Liverpool,Fulham,11 Apr 2026,https://www.unibet.co.uk/betting/sports/filter/football/england/premier-league,Unibet
Crystal Palace - Newcastle United,12 Apr 2026 14:00,2.75,3.5,2.45,Crystal Palace,Newcastle United,12 Apr 2026,https://www.unibet.co.uk/betting/sports/filter/football/england/premier-league,Unibet
Nottingham Forest - Aston Villa,12 Apr 2026 14:00,2.55,3.35,2.7,Nottingham Forest,Aston Villa,12 Apr 2026,https://www.unibet.co.uk/betting/sports/filter/football/england/premier-league,Unibet
Sunderland - Tottenham,12 Apr 2026 14:00,2.7,3.35,2.55,Sunderland,Tottenham,12 Apr 2026,https://www.unibet.co.uk/betting/sports/filter/football/england/premier-league,Unibet
Chelsea - Manchester City,12 Apr 2026 16:30,2.75,3.75,2.3,Chelsea,Manchester City,12 Apr 2026,https://www.unibet.co.uk/betting/sports/filter/football/england/premier-league,Unibet
Manchester United - Leeds United,13 Apr 2026 20:00,1.6,4.2,5.25,Manchester United,Leeds United,13 Apr 2026,https://www.unibet.co.uk/betting/sports/filter/football/england/premier-league,Unibet
Brentford - Fulham,18 Apr 2026 12:30,2.05,3.5,3.5,Brentford,Fulham,18 Apr 2026,https://www.unibet.co.uk/betting/sports/filter/football/england/premier-league,Unibet
Leeds United - Wolves,18 Apr 2026 15:00,1.75,3.6,4.8,Leeds United,Wolves,18 Apr 2026,https://www.unibet.co.uk/betting/sports/filter/football/england/premier-league,Unibet
Newcastle United - Bournemouth,18 Apr 2026 15:00,1.88,3.9,3.75,Newcastle United,Bournemouth,18 Apr 2026,https://www.unibet.co.uk/betting/sports/filter/football/england/premier-league,Unibet
Tottenham - Brighton,18 Apr 2026 17:30,2.75,3.6,2.4,Tottenham,Brighton,18 Apr 2026,https://www.unibet.co.uk/betting/sports/filter/football/england/premier-league,Unibet
Chelsea - Manchester United,18 Apr 2026 20:00,2.4,3.75,2.7,Chelsea,Manchester United,18 Apr 2026,https://www.unibet.co.uk/betting/sports/filter/football/england/premier-league,Unibet
Aston Villa - Sunderland,19 Apr 2026 14:00,1.5714285714285714,3.9,5.75,Aston Villa,Sunderland,19 Apr 2026,https://www.unibet.co.uk/betting/sports/filter/football/england/premier-league,Unibet
Everton - Liverpool,19 Apr 2026 14:00,3.75,3.75,1.9090909090909092,Everton,Liverpool,19 Apr 2026,https://www.unibet.co.uk/betting/sports/filter/football/england/premier-league,Unibet
Nottingham Forest - Burnley,19 Apr 2026 14:00,1.6153846153846154,3.8,5.5,Nottingham Forest,Burnley,19 Apr 2026,https://www.unibet.co.uk/betting/sports/filter/football/england/premier-league,Unibet
Manchester City - Arsenal,19 Apr 2026 16:30,2.6,3.35,2.65,Manchester City,Arsenal,19 Apr 2026,https://www.unibet.co.uk/betting/sports/filter/football/england/premier-league,Unibet
Crystal Palace - West Ham,20 Apr 2026 20:00,2.375,3.35,2.95,Crystal Palace,West Ham,20 Apr 2026,https://www.unibet.co.uk/betting/sports/filter/football/england/premier-league,Unibet
Mainz 05 - Eintracht Frankfurt,2026-03-22 14:30,2.25,3.5,3.1,Mainz 05,Eintracht Frankfurt,Today,https://www.unibet.co.uk/betting/sports/filter/football/germany/bundesliga,Unibet
St. Pauli - Freiburg,2026-03-22 16:30,2.7,3.0,2.8,St. Pauli,Freiburg,Today,https://www.unibet.co.uk/betting/sports/filter/football/germany/bundesliga,Unibet
Augsburg - Stuttgart,2026-03-22 18:30,3.25,3.75,2.05,Augsburg,Stuttgart,Today,https://www.unibet.co.uk/betting/sports/filter/football/germany/bundesliga,Unibet
Bayer Leverkusen - Wolfsburg,04 Apr 2026 14:30,1.3636363636363638,5.0,6.5,Bayer Leverkusen,Wolfsburg,04 Apr 2026,https://www.unibet.co.uk/betting/sports/filter/football/germany/bundesliga,Unibet
Borussia Mönchengladbach - 1. FC Heidenheim,04 Apr 2026 14:30,1.5333333333333332,4.2,5.0,Borussia Mönchengladbach,1. FC Heidenheim,04 Apr 2026,https://www.unibet.co.uk/betting/sports/filter/football/germany/bundesliga,Unibet
Freiburg - Bayern Munich,04 Apr 2026 14:30,6.5,5.25,1.33,Freiburg,Bayern Munich,04 Apr 2026,https://www.unibet.co.uk/betting/sports/filter/football/germany/bundesliga,Unibet
Hamburger - Augsburg,04 Apr 2026 14:30,2.2,3.3,3.0,Hamburger,Augsburg,04 Apr 2026,https://www.unibet.co.uk/betting/sports/filter/football/germany/bundesliga,Unibet
Hoffenheim - Mainz 05,04 Apr 2026 14:30,1.78,3.8,3.9,Hoffenheim,Mainz 05,04 Apr 2026,https://www.unibet.co.uk/betting/sports/filter/football/germany/bundesliga,Unibet
Stuttgart - Borussia Dortmund,04 Apr 2026 17:30,2.3,3.75,2.6,Stuttgart,Borussia Dortmund,04 Apr 2026,https://www.unibet.co.uk/betting/sports/filter/football/germany/bundesliga,Unibet
1. FC Union Berlin - St. Pauli,05 Apr 2026 14:30,2.05,3.15,3.5,1. FC Union Berlin,St. Pauli,05 Apr 2026,https://www.unibet.co.uk/betting/sports/filter/football/germany/bundesliga,Unibet
Aldershot Town - Boreham Wood,24 Mar 2026 19:45,3.2,3.8,1.98,Aldershot Town,Boreham Wood,24 Mar 2026,https://www.unibet.co.uk/betting/sports/filter/football/england/national-league,Unibet
Boston United - Altrincham,24 Mar 2026 19:45,1.98,3.5,3.5,Boston United,Altrincham,24 Mar 2026,https://www.unibet.co.uk/betting/sports/filter/football/england/national-league,Unibet
Brackley Town - Braintree Town,24 Mar 2026 19:45,1.78,3.9,3.9,Brackley Town,Braintree Town,24 Mar 2026,https://www.unibet.co.uk/betting/sports/filter/football/england/national-league,Unibet
Eastleigh - Sutton United,24 Mar 2026 19:45,2.85,3.4,2.3,Eastleigh,Sutton United,24 Mar 2026,https://www.unibet.co.uk/betting/sports/filter/football/england/national-league,Unibet
Gateshead - York City,24 Mar 2026 19:45,6.5,5.5,1.3333333333333333,Gateshead,York City,24 Mar 2026,https://www.unibet.co.uk/betting/sports/filter/football/england/national-league,Unibet
Halifax Town - Carlisle United,24 Mar 2026 19:45,2.75,3.4,2.375,Halifax Town,Carlisle United,24 Mar 2026,https://www.unibet.co.uk/betting/sports/filter/football/england/national-league,Unibet
Morecambe - Hartlepool United,25 Mar 2026 19:45,2.8,3.5,2.2,Morecambe,Hartlepool United,25 Mar 2026,https://www.unibet.co.uk/betting/sports/filter/football/england/national-league,Unibet
Southend United - Woking,25 Mar 2026 19:45,1.6153846153846154,3.75,4.8,Southend United,Woking,25 Mar 2026,https://www.unibet.co.uk/betting/sports/filter/football/england/national-league,Unibet
Tamworth - Forest Green Rovers,25 Mar 2026 19:45,3.35,3.75,1.9090909090909092,Tamworth,Forest Green Rovers,25 Mar 2026,https://www.unibet.co.uk/betting/sports/filter/football/england/national-league,Unibet
Truro City - Solihull Moors,25 Mar 2026 19:45,3.0,3.4,2.15,Truro City,Solihull Moors,25 Mar 2026,https://www.unibet.co.uk/betting/sports/filter/football/england/national-league,Unibet
Wealdstone - Yeovil Town,25 Mar 2026 19:45,1.8333333333333335,3.5,3.8,Wealdstone,Yeovil Town,25 Mar 2026,https://www.unibet.co.uk/betting/sports/filter/football/england/national-league,Unibet
Brackley Town - Tamworth,28 Mar 2026 15:00,2.3,3.45,2.6,Brackley Town,Tamworth,28 Mar 2026,https://www.unibet.co.uk/betting/sports/filter/football/england/national-league,Unibet
Braintree Town FC - Carlisle United,28 Mar 2026 15:00,6.5,4.4,1.4,Braintree Town FC,Carlisle United,28 Mar 2026,https://www.unibet.co.uk/betting/sports/filter/football/england/national-league,Unibet
Eastleigh - Forest Green Rovers,28 Mar 2026 15:00,4.5,3.75,1.65,Eastleigh,Forest Green Rovers,28 Mar 2026,https://www.unibet.co.uk/betting/sports/filter/football/england/national-league,Unibet
Gateshead - Yeovil Town,28 Mar 2026 15:00,2.1,3.35,3.0,Gateshead,Yeovil Town,28 Mar 2026,https://www.unibet.co.uk/betting/sports/filter/football/england/national-league,Unibet
Halifax Town - Scunthorpe United,28 Mar 2026 15:00,2.6,3.5,2.3,Halifax Town,Scunthorpe United,28 Mar 2026,https://www.unibet.co.uk/betting/sports/filter/football/england/national-league,Unibet
Morecambe - Aldershot Town,28 Mar 2026 15:00,2.4,3.5,2.5,Morecambe,Aldershot Town,28 Mar 2026,https://www.unibet.co.uk/betting/sports/filter/football/england/national-league,Unibet
Solihull Moors - Altrincham,28 Mar 2026 15:00,1.8333333333333335,3.6,3.5,Solihull Moors,Altrincham,28 Mar 2026,https://www.unibet.co.uk/betting/sports/filter/football/england/national-league,Unibet
Sutton United - Rochdale,28 Mar 2026 15:00,4.4,3.6,1.65,Sutton United,Rochdale,28 Mar 2026,https://www.unibet.co.uk/betting/sports/filter/football/england/national-league,Unibet
Truro City - Boreham Wood,28 Mar 2026 15:00,4.5,3.9,1.6153846153846154,Truro City,Boreham Wood,28 Mar 2026,https://www.unibet.co.uk/betting/sports/filter/football/england/national-league,Unibet
York City - Woking,28 Mar 2026 15:00,1.3,5.0,7.5,York City,Woking,28 Mar 2026,https://www.unibet.co.uk/betting/sports/filter/football/england/national-league,Unibet
San Lorenzo - Nacional Asuncion,2026-03-22 21:30,4.333333333333334,3.25,1.8333333333333335,San Lorenzo,Nacional Asuncion,Today,https://www.unibet.co.uk/betting/sports/filter/football/paraguay/primera-division,Unibet
Sportivo Luqueño - 2 De Mayo,2026-03-22 23:30,2.05,3.15,3.6,Sportivo Luqueño,2 De Mayo,Today,https://www.unibet.co.uk/betting/sports/filter/football/paraguay/primera-division,Unibet
Sportivo Trinidense - CD Recoleta,2026-03-23 21:30,2.08,3.2,3.5,Sportivo Trinidense,CD Recoleta,Tomorrow,https://www.unibet.co.uk/betting/sports/filter/football/paraguay/primera-division,Unibet
Rubio Nu - Sportivo Ameliano,2026-03-23 23:30,2.8,2.95,2.6,Rubio Nu,Sportivo Ameliano,Tomorrow,https://www.unibet.co.uk/betting/sports/filter/football/paraguay/primera-division,Unibet
Club Guarani Asuncion - CS 2 de Mayo,25 Mar 2026 22:30,1.6153846153846154,3.6,5.0,Club Guarani Asuncion,CS 2 de Mayo,25 Mar 2026,https://www.unibet.co.uk/betting/sports/filter/football/paraguay/primera-division,Unibet
Cajamarca - Alianza Atlético,2026-03-22 18:00,1.98,3.1,4.0,Cajamarca,Alianza Atlético,Today,https://www.unibet.co.uk/betting/sports/filter/football/peru/primera-division,Unibet
Atlético Grau - Deportivo Garcilaso,2026-03-22 20:30,1.9090909090909092,3.15,4.2,Atlético Grau,Deportivo Garcilaso,Today,https://www.unibet.co.uk/betting/sports/filter/football/peru/primera-division,Unibet
Sport Boys Association - Sport Huancayo,2026-03-22 23:00,2.15,3.25,3.25,Sport Boys Association,Sport Huancayo,Today,https://www.unibet.co.uk/betting/sports/filter/football/peru/primera-division,Unibet
Estoril - Rio Ave,2026-03-22 15:30,1.78,3.8,4.2,Estoril,Rio Ave,Today,https://www.unibet.co.uk/betting/sports/filter/football/portugal/primeira-liga,Unibet
Alverca - Sporting CP,2026-03-22 18:00,11.0,5.5,1.25,Alverca,Sporting CP,Today,https://www.unibet.co.uk/betting/sports/filter/football/portugal/primeira-liga,Unibet
Braga - Porto,2026-03-22 20:30,2.95,3.15,2.45,Braga,Porto,Today,https://www.unibet.co.uk/betting/sports/filter/football/portugal/primeira-liga,Unibet
Hermannstadt - Botoșani,2026-03-22 17:00,2.45,3.15,2.95,Hermannstadt,Botoșani,Today,https://www.unibet.co.uk/betting/sports/filter/football/romania/superliga,Unibet
Unirea 2004 - Oțelul,2026-03-23 18:30,3.35,3.3,2.2,Unirea 2004,Oțelul,Tomorrow,https://www.unibet.co.uk/betting/sports/filter/football/romania/superliga,Unibet
FC Cincinnati - Montreal,2026-03-22 17:00,1.7,3.9,4.4,FC Cincinnati,Montreal,Today,https://www.unibet.co.uk/betting/sports/filter/football/usa/mls,Unibet
New York City - Inter Miami,2026-03-22 17:00,2.3,3.6,2.8,New York City,Inter Miami,Today,https://www.unibet.co.uk/betting/sports/filter/football/usa/mls,Unibet
Minnesota United - Seattle Sounders,2026-03-22 18:30,2.6,3.3,2.65,Minnesota United,Seattle Sounders,Today,https://www.unibet.co.uk/betting/sports/filter/football/usa/mls,Unibet
Portland Timbers - Los Angeles Galaxy,2026-03-22 20:45,2.2,3.75,2.9,Portland Timbers,Los Angeles Galaxy,Today,https://www.unibet.co.uk/betting/sports/filter/football/usa/mls,Unibet
San Diego FC - Real Salt Lake,2026-03-22 23:00,1.8199999999999998,3.8,3.9,San Diego FC,Real Salt Lake,Today,https://www.unibet.co.uk/betting/sports/filter/football/usa/mls,Unibet
New England Revolution II - CT United,2026-03-22 18:00,2.15,3.6,2.8,New England Revolution II,CT United,Today,https://www.unibet.co.uk/betting/sports/filter/football/usa/mls,Unibet
Saint Louis City II - Los Angeles FC II,2026-03-22 18:00,1.5,4.5,4.75,Saint Louis City II,Los Angeles FC II,Today,https://www.unibet.co.uk/betting/sports/filter/football/usa/mls,Unibet
Real Monarchs - Vancouver Whitecaps II,2026-03-22 19:00,1.8333333333333335,3.9,3.35,Real Monarchs,Vancouver Whitecaps II,Today,https://www.unibet.co.uk/betting/sports/filter/football/usa/mls,Unibet
Chicago Fire II - Carolina Core,2026-03-22 20:00,2.15,3.75,2.8,Chicago Fire II,Carolina Core,Today,https://www.unibet.co.uk/betting/sports/filter/football/usa/mls,Unibet
New York Red Bulls II - Philadelphia Union II,2026-03-22 21:00,1.65,4.0,4.0,New York Red Bulls II,Philadelphia Union II,Today,https://www.unibet.co.uk/betting/sports/filter/football/usa/mls,Unibet
Crown Legacy - Atlanta United II,2026-03-22 23:00,2.25,3.75,2.55,Crown Legacy,Atlanta United II,Today,https://www.unibet.co.uk/betting/sports/filter/football/usa/mls,Unibet
Orlando City II - Inter Miami II,2026-03-22 23:00,1.5333333333333332,4.333333333333334,4.75,Orlando City II,Inter Miami II,Today,https://www.unibet.co.uk/betting/sports/filter/football/usa/mls,Unibet
Sporting Kansas City II - Minnesota United II,2026-03-22 00:00,4.0,4.0,1.6666666666666665,Sporting Kansas City II,Minnesota United II,Today,https://www.unibet.co.uk/betting/sports/filter/football/usa/mls,Unibet
Tacoma Defiance - Austin FC II,2026-03-22 02:00,2.55,3.75,2.25,Tacoma Defiance,Austin FC II,Today,https://www.unibet.co.uk/betting/sports/filter/football/usa/mls,Unibet
Portland Timbers II - Los Angeles Galaxy II,2026-03-22 02:00,2.45,3.6,2.45,Portland Timbers II,Los Angeles Galaxy II,Today,https://www.unibet.co.uk/betting/sports/filter/football/usa/mls,Unibet
Brooklyn (W) - Carolina Ascent (W),2026-03-22 19:00,3.25,3.2,2.08,Brooklyn (W),Carolina Ascent (W),Today,https://www.unibet.co.uk/betting/sports/filter/football/usa/mls,Unibet
Dallas Trinity (W) - Sporting Jacksonville (W),2026-03-22 21:00,4.0,3.05,1.9090909090909092,Dallas Trinity (W),Sporting Jacksonville (W),Today,https://www.unibet.co.uk/betting/sports/filter/football/usa/mls,Unibet
Union Omaha - AC Boise,2026-03-22 21:00,1.8199999999999998,3.6,3.6,Union Omaha,AC Boise,Today,https://www.unibet.co.uk/betting/sports/filter/football/usa/mls,Unibet
Chicago Stars (W) - Kansas City Current (W),2026-03-22 18:00,5.5,3.9,1.5,Chicago Stars (W),Kansas City Current (W),Today,https://www.unibet.co.uk/betting/sports/filter/football/usa/mls,Unibet
Utah Royals (W) - San Diego Wave (W),2026-03-22 23:00,3.0,3.35,2.15,Utah Royals (W),San Diego Wave (W),Today,https://www.unibet.co.uk/betting/sports/filter/football/usa/mls,Unibet
Pittsburgh Riverhounds - Steel City,2026-03-22 23:00,1.35,5.0,6.5,Pittsburgh Riverhounds,Steel City,Today,https://www.unibet.co.uk/betting/sports/filter/football/usa/mls,Unibet
New Mexico United - Colorado Switchbacks,2026-03-22 19:00,2.85,2.85,2.5,New Mexico United,Colorado Switchbacks,Today,https://www.unibet.co.uk/betting/sports/filter/football/usa/mls,Unibet
Detroit City - Charleston Battery,2026-03-22 20:00,2.55,2.95,2.7,Detroit City,Charleston Battery,Today,https://www.unibet.co.uk/betting/sports/filter/football/usa/mls,Unibet
Hartford Athletic - Indy Eleven,2026-03-22 21:00,2.375,3.0,2.9,Hartford Athletic,Indy Eleven,Today,https://www.unibet.co.uk/betting/sports/filter/football/usa/mls,Unibet
Tampa Bay Rowdies - Loudoun United,2026-03-22 23:30,1.78,3.6,3.75,Tampa Bay Rowdies,Loudoun United,Today,https://www.unibet.co.uk/betting/sports/filter/football/usa/mls,Unibet
Oakland Roots - Orange County,2026-03-22 00:00,1.98,3.25,3.4,Oakland Roots,Orange County,Today,https://www.unibet.co.uk/betting/sports/filter/football/usa/mls,Unibet
Sacramento Republic - El Paso Locomotive,2026-03-22 03:00,2.25,2.75,3.4,Sacramento Republic,El Paso Locomotive,Today,https://www.unibet.co.uk/betting/sports/filter/football/usa/mls,Unibet
Las Vegas Lights - Monterey Bay,2026-03-22 03:30,2.375,2.9,3.0,Las Vegas Lights,Monterey Bay,Today,https://www.unibet.co.uk/betting/sports/filter/football/usa/mls,Unibet
Yantra Gabrovo - Fratria,2026-03-23 16:00,2.9,3.05,2.4,Yantra Gabrovo,Fratria,Tomorrow,https://www.unibet.co.uk/betting/sports/filter/football/bulgaria/vtora-liga,Unibet
CSKA Sofia II - Hebar 1918,24 Mar 2026 13:30,1.65,3.75,4.75,CSKA Sofia II,Hebar 1918,24 Mar 2026,https://www.unibet.co.uk/betting/sports/filter/football/bulgaria/vtora-liga,Unibet
Burgos - Cordoba,2026-03-22 13:00,2.375,3.1,3.15,Burgos,Cordoba,Today,https://www.unibet.co.uk/betting/sports/filter/football/spain/segunda-division,Unibet
Mirandés - Real Valladolid,2026-03-22 15:15,2.95,3.1,2.5,Mirandés,Real Valladolid,Today,https://www.unibet.co.uk/betting/sports/filter/football/spain/segunda-division,Unibet
Real Sociedad B - Granada,2026-03-22 15:15,2.6,3.15,2.75,Real Sociedad B,Granada,Today,https://www.unibet.co.uk/betting/sports/filter/football/spain/segunda-division,Unibet
Las Palmas - Sporting Gijón,2026-03-22 17:30,1.88,3.35,4.333333333333334,Las Palmas,Sporting Gijón,Today,https://www.unibet.co.uk/betting/sports/filter/football/spain/segunda-division,Unibet
Castellón - Cultural Leonesa,2026-03-23 19:30,1.3636363636363638,5.0,7.5,Castellón,Cultural Leonesa,Tomorrow,https://www.unibet.co.uk/betting/sports/filter/football/spain/segunda-division,Unibet
Cordoba - Mirandés,27 Mar 2026 18:00,1.6,3.9,5.0,Cordoba,Mirandés,27 Mar 2026,https://www.unibet.co.uk/betting/sports/filter/football/spain/segunda-division,Unibet
AD Ceuta - Cádiz,28 Mar 2026 13:00,2.15,3.2,3.25,AD Ceuta,Cádiz,28 Mar 2026,https://www.unibet.co.uk/betting/sports/filter/football/spain/segunda-division,Unibet
Granada - Huesca,28 Mar 2026 15:15,1.78,3.4,4.5,Granada,Huesca,28 Mar 2026,https://www.unibet.co.uk/betting/sports/filter/football/spain/segunda-division,Unibet
Real Valladolid - Burgos,28 Mar 2026 15:15,2.2,3.05,3.4,Real Valladolid,Burgos,28 Mar 2026,https://www.unibet.co.uk/betting/sports/filter/football/spain/segunda-division,Unibet
Málaga - Leganes,28 Mar 2026 17:30,1.98,3.4,3.6,Málaga,Leganes,28 Mar 2026,https://www.unibet.co.uk/betting/sports/filter/football/spain/segunda-division,Unibet
Sporting Gijón - Deportivo la Coruña,28 Mar 2026 20:00,2.4,3.25,2.8,Sporting Gijón,Deportivo la Coruña,28 Mar 2026,https://www.unibet.co.uk/betting/sports/filter/football/spain/segunda-division,Unibet
Chapelton Maroons - Montego Bay United,2026-03-22 20:30,4.0,3.1,1.9090909090909092,Chapelton Maroons,Montego Bay United,Today,https://www.unibet.co.uk/betting/sports/filter/football/jamaica/premier-league,Unibet
Racing United - Tivoli Gardens,2026-03-22 20:30,1.7,3.45,4.6,Racing United,Tivoli Gardens,Today,https://www.unibet.co.uk/betting/sports/filter/football/jamaica/premier-league,Unibet
Waterhouse - Cavaliers,2026-03-22 23:00,2.6,2.9,2.75,Waterhouse,Cavaliers,Today,https://www.unibet.co.uk/betting/sports/filter/football/jamaica/premier-league,Unibet
Arnett Gardens - Harbour View,2026-03-23 00:00,1.75,3.75,4.0,Arnett Gardens,Harbour View,Tomorrow,https://www.unibet.co.uk/betting/sports/filter/football/jamaica/premier-league,Unibet
Mount Pleasant FA - Portmore United,24 Mar 2026 00:30,1.98,2.95,4.2,Mount Pleasant FA,Portmore United,24 Mar 2026,https://www.unibet.co.uk/betting/sports/filter/football/jamaica/premier-league,Unibet
Kun Khalifat FC - Ikorodu City,2026-03-22 15:00,1.78,2.95,5.0,Kun Khalifat FC,Ikorodu City,Today,https://www.unibet.co.uk/betting/sports/filter/football/nigeria/,Unibet
Plateau United - Bayelsa United,2026-03-22 15:00,1.48,3.5,6.5,Plateau United,Bayelsa United,Today,https://www.unibet.co.uk/betting/sports/filter/football/nigeria/,Unibet
Remo Stars - Kwara United,2026-03-22 15:00,1.55,3.2,6.5,Remo Stars,Kwara United,Today,https://www.unibet.co.uk/betting/sports/filter/football/nigeria/,Unibet
Doncaster Rovers - Port Vale,24 Mar 2026 19:45,1.7272727272727273,3.8,4.5,Doncaster Rovers,Port Vale,24 Mar 2026,https://www.unibet.co.uk/betting/sports/filter/football/england/league-one,Unibet
Blackpool - Burton Albion,28 Mar 2026 15:00,2.4,3.3,2.8,Blackpool,Burton Albion,28 Mar 2026,https://www.unibet.co.uk/betting/sports/filter/football/england/league-one,Unibet
Exeter City - Leyton Orient,28 Mar 2026 15:00,2.25,3.45,2.875,Exeter City,Leyton Orient,28 Mar 2026,https://www.unibet.co.uk/betting/sports/filter/football/england/league-one,Unibet
Reading - Wigan Athletic,28 Mar 2026 15:00,2.15,3.25,3.3,Reading,Wigan Athletic,28 Mar 2026,https://www.unibet.co.uk/betting/sports/filter/football/england/league-one,Unibet
Stockport County - AFC Wimbledon,28 Mar 2026 15:00,1.6,3.8,5.25,Stockport County,AFC Wimbledon,28 Mar 2026,https://www.unibet.co.uk/betting/sports/filter/football/england/league-one,Unibet
Wycombe Wanderers - Port Vale,28 Mar 2026 15:00,1.5333333333333332,4.0,5.5,Wycombe Wanderers,Port Vale,28 Mar 2026,https://www.unibet.co.uk/betting/sports/filter/football/england/league-one,Unibet
AEL Limassol - Ethnikos Achnas,2026-03-22 14:00,2.1,3.45,3.2,AEL Limassol,Ethnikos Achnas,Today,https://www.unibet.co.uk/betting/sports/filter/football/cyprus/1st-division,Unibet
Pafos - Apollon Limassol,2026-03-22 15:00,1.88,3.45,3.9,Pafos,Apollon Limassol,Today,https://www.unibet.co.uk/betting/sports/filter/football/cyprus/1st-division,Unibet
Larnaca - APOEL,2026-03-22 17:00,2.15,3.35,3.2,Larnaca,APOEL,Today,https://www.unibet.co.uk/betting/sports/filter/football/cyprus/1st-division,Unibet
NEC Nijmegen - Heerenveen,2026-03-22 00:00,2.0,2.0,3.4,NEC Nijmegen,Heerenveen,Today,https://www.unibet.co.uk/betting/sports/filter/football/netherlands/eredivisie,Unibet
Feyenoord - Ajax,2026-03-22 13:30,1.9090909090909092,3.9,3.5,Feyenoord,Ajax,Today,https://www.unibet.co.uk/betting/sports/filter/football/netherlands/eredivisie,Unibet
Utrecht - Go Ahead Eagles,2026-03-22 13:30,1.65,3.9,5.0,Utrecht,Go Ahead Eagles,Today,https://www.unibet.co.uk/betting/sports/filter/football/netherlands/eredivisie,Unibet
Groningen - AZ Alkmaar,2026-03-22 15:45,2.75,3.75,2.3,Groningen,AZ Alkmaar,Today,https://www.unibet.co.uk/betting/sports/filter/football/netherlands/eredivisie,Unibet
Telstar - PSV,2026-03-22 15:45,5.0,4.8,1.5333333333333332,Telstar,PSV,Today,https://www.unibet.co.uk/betting/sports/filter/football/netherlands/eredivisie,Unibet
PSV - Utrecht,04 Apr 2026 15:30,1.35,5.0,6.5,PSV,Utrecht,04 Apr 2026,https://www.unibet.co.uk/betting/sports/filter/football/netherlands/eredivisie,Unibet
AZ Alkmaar - Fortuna Sittard,04 Apr 2026 17:45,1.42,4.75,5.75,AZ Alkmaar,Fortuna Sittard,04 Apr 2026,https://www.unibet.co.uk/betting/sports/filter/football/netherlands/eredivisie,Unibet
Telstar - Groningen,04 Apr 2026 17:45,2.8,3.5,2.25,Telstar,Groningen,04 Apr 2026,https://www.unibet.co.uk/betting/sports/filter/football/netherlands/eredivisie,Unibet
Ajax - Twente,04 Apr 2026 20:00,2.375,3.6,2.6,Ajax,Twente,04 Apr 2026,https://www.unibet.co.uk/betting/sports/filter/football/netherlands/eredivisie,Unibet
Excelsior - NEC Nijmegen,04 Apr 2026 20:00,3.6,4.0,1.8,Excelsior,NEC Nijmegen,04 Apr 2026,https://www.unibet.co.uk/betting/sports/filter/football/netherlands/eredivisie,Unibet
Go Ahead Eagles - PEC Zwolle,05 Apr 2026 11:15,1.9,3.75,3.4,Go Ahead Eagles,PEC Zwolle,05 Apr 2026,https://www.unibet.co.uk/betting/sports/filter/football/netherlands/eredivisie,Unibet
Heerenveen - Heracles,05 Apr 2026 13:30,1.4,4.8,5.75,Heerenveen,Heracles,05 Apr 2026,https://www.unibet.co.uk/betting/sports/filter/football/netherlands/eredivisie,Unibet
Volendam - Feyenoord,05 Apr 2026 13:30,6.0,5.0,1.4,Volendam,Feyenoord,05 Apr 2026,https://www.unibet.co.uk/betting/sports/filter/football/netherlands/eredivisie,Unibet
NAC Breda - Sparta Rotterdam,05 Apr 2026 15:45,2.2,3.5,2.875,NAC Breda,Sparta Rotterdam,05 Apr 2026,https://www.unibet.co.uk/betting/sports/filter/football/netherlands/eredivisie,Unibet
Twente - Volendam,10 Apr 2026 19:00,1.1538461538461537,6.5,14.0,Twente,Volendam,10 Apr 2026,https://www.unibet.co.uk/betting/sports/filter/football/netherlands/eredivisie,Unibet
Utrecht - Telstar,11 Apr 2026 15:30,1.55,4.0,5.25,Utrecht,Telstar,11 Apr 2026,https://www.unibet.co.uk/betting/sports/filter/football/netherlands/eredivisie,Unibet
Sparta Rotterdam - PSV,11 Apr 2026 17:45,4.4,4.2,1.6,Sparta Rotterdam,PSV,11 Apr 2026,https://www.unibet.co.uk/betting/sports/filter/football/netherlands/eredivisie,Unibet
Groningen - Go Ahead Eagles,11 Apr 2026 19:00,1.78,3.6,3.9,Groningen,Go Ahead Eagles,11 Apr 2026,https://www.unibet.co.uk/betting/sports/filter/football/netherlands/eredivisie,Unibet
Heracles - Ajax,11 Apr 2026 20:00,5.25,4.25,1.5,Heracles,Ajax,11 Apr 2026,https://www.unibet.co.uk/betting/sports/filter/football/netherlands/eredivisie,Unibet
Fortuna Sittard - NAC Breda,12 Apr 2026 11:15,1.9,3.6,3.5,Fortuna Sittard,NAC Breda,12 Apr 2026,https://www.unibet.co.uk/betting/sports/filter/football/netherlands/eredivisie,Unibet
NEC Nijmegen - Feyenoord,12 Apr 2026 13:30,2.8,3.8,2.1,NEC Nijmegen,Feyenoord,12 Apr 2026,https://www.unibet.co.uk/betting/sports/filter/football/netherlands/eredivisie,Unibet
PEC Zwolle - Excelsior,12 Apr 2026 13:30,1.98,3.5,3.35,PEC Zwolle,Excelsior,12 Apr 2026,https://www.unibet.co.uk/betting/sports/filter/football/netherlands/eredivisie,Unibet
Puskás Akadémia FC - Debreceni VSC,2026-03-22 13:30,2.15,3.5,3.1,Puskás Akadémia FC,Debreceni VSC,Today,https://www.unibet.co.uk/betting/sports/filter/football/hungary/nb-i,Unibet
Kazincbarcikai - ETO Győr,2026-03-22 15:45,8.0,4.8,1.35,Kazincbarcikai,ETO Győr,Today,https://www.unibet.co.uk/betting/sports/filter/football/hungary/nb-i,Unibet
Kisvárda FC - Ferencváros,2026-03-22 18:15,5.0,4.0,1.6153846153846154,Kisvárda FC,Ferencváros,Today,https://www.unibet.co.uk/betting/sports/filter/football/hungary/nb-i,Unibet
Chennaiyin - FC Goa,2026-03-22 00:00,1.4,3.4,12.0,Chennaiyin,FC Goa,Today,https://www.unibet.co.uk/betting/sports/filter/football/india/super-league,Unibet
Inter Kashi - Bengaluru FC,2026-03-22 14:00,3.05,3.1,2.3,Inter Kashi,Bengaluru FC,Today,https://www.unibet.co.uk/betting/sports/filter/football/india/super-league,Unibet
East Bengal - Mohammedan Sporting,2026-03-23 14:00,1.1666666666666667,6.5,13.0,East Bengal,Mohammedan Sporting,Tomorrow,https://www.unibet.co.uk/betting/sports/filter/football/india/super-league,Unibet
Liverpool U21 - Crystal Palace U21,2026-03-22 13:00,1.4444444444444444,4.8,5.0,Liverpool U21,Crystal Palace U21,Today,https://www.unibet.co.uk/betting/sports/filter/football/england/premier-league-2,Unibet
Brighton and Hove Albion U21 - Everton U21,2026-03-22 16:00,2.05,3.75,2.95,Brighton and Hove Albion U21,Everton U21,Today,https://www.unibet.co.uk/betting/sports/filter/football/england/premier-league-2,Unibet
Ipswich Town U21 - Burnley U21,2026-03-23 19:00,1.55,4.5,4.333333333333334,Ipswich Town U21,Burnley U21,Tomorrow,https://www.unibet.co.uk/betting/sports/filter/football/england/premier-league-2,Unibet
Stoke City U21 - Fulham U21,2026-03-23 19:00,4.5,4.333333333333334,1.5714285714285714,Stoke City U21,Fulham U21,Tomorrow,https://www.unibet.co.uk/betting/sports/filter/football/england/premier-league-2,Unibet
Sunderland U21 - Arsenal U21,2026-03-23 19:00,2.65,3.8,2.25,Sunderland U21,Arsenal U21,Tomorrow,https://www.unibet.co.uk/betting/sports/filter/football/england/premier-league-2,Unibet
